<?xml version="1.0" encoding="UTF-8"?>
<theme xmlns="http://www.opensource-socialnetwork.org/theme/v/3.0">
    <name>3NCIRCLE</name>
    <id>3NCIRCLE</id>
    <author>AT3META</author>
    <author_url>3ncircle.com</author_url>
    <description>The 3NCIRCLE theme for OSSN</description>
    <license>GNU General Public License, version 2</license>    
	<license_url>http://www.opensource-socialnetwork.org/licence</license_url>
    <version>1.0</version>
	<requires>
		<type>ossn_version</type>
		<version>5.0</version>
	</requires>
</theme>
