<?xml version="1.0" encoding="utf-8" ?>
<dwsync>
<file name="large.jpg" server="ftp.3ncircle.com/www/" local="131874736800000000" remote="131904161400000000" Dst="-1" />
<file name="larger.jpg" server="ftp.3ncircle.com/www/" local="131874736800000000" remote="131904161400000000" Dst="-1" />
<file name="small.jpg" server="ftp.3ncircle.com/www/" local="131874736800000000" remote="131904161400000000" Dst="-1" />
<file name="smaller.jpg" server="ftp.3ncircle.com/www/" local="131874736800000000" remote="131904161400000000" Dst="-1" />
<file name="topbar.jpg" server="ftp.3ncircle.com/www/" local="131874736800000000" remote="131904161400000000" Dst="-1" />
<file name="large.jpg" server="ftp.3ncircle.com//www/" local="132706088341494897" remote="132539436000000000" Dst="2" />
<file name="larger.jpg" server="ftp.3ncircle.com//www/" local="132706088341924853" remote="132539436000000000" Dst="2" />
<file name="small.jpg" server="ftp.3ncircle.com//www/" local="132706088342364921" remote="132539436000000000" Dst="2" />
<file name="smaller.jpg" server="ftp.3ncircle.com//www/" local="132706088343604856" remote="132539436000000000" Dst="2" />
<file name="topbar.jpg" server="ftp.3ncircle.com//www/" local="132706088344014859" remote="132539436000000000" Dst="2" />
</dwsync>