<?xml version="1.0" encoding="utf-8" ?>
<dwsync>
<file name="background.jpg" server="ftp.3ncircle.com/www/" local="131874802800000000" remote="131904160800000000" Dst="-1" />
<file name="background.jpg.license.txt" server="ftp.3ncircle.com/www/" local="131874736800000000" remote="131904160800000000" Dst="-1" />
<file name="loading.gif" server="ftp.3ncircle.com/www/" local="131874736800000000" remote="131904161400000000" Dst="-1" />
<file name="logo_admin.jpg" server="ftp.3ncircle.com/www/" local="131874736800000000" remote="131904161400000000" Dst="-1" />
<file name="open source social network logo license.txt" server="ftp.3ncircle.com/www/" local="131874736800000000" remote="131904161400000000" Dst="-1" />
<file name="logo.jpg" server="ftp.3ncircle.com/www/" local="131875810667566796" remote="131904161400000000" Dst="-1" />
<file name="logo.png" server="ftp.3ncircle.com/www/" local="131875585117830344" remote="131904161400000000" Dst="-1" />
<file name="logo1.jpg" server="ftp.3ncircle.com/www/" local="131898144175213883" remote="131904161400000000" Dst="-1" />
<file name="logo1.png" server="ftp.3ncircle.com/www/" local="131898144406247097" remote="131904161400000000" Dst="-1" />
<file name="background.jpg" server="ftp.3ncircle.com//www/" local="132706088327454858" remote="132539436000000000" Dst="2" />
<file name="background.jpg.license.txt" server="ftp.3ncircle.com//www/" local="132706088328154842" remote="132539436000000000" Dst="2" />
<file name="loading.gif" server="ftp.3ncircle.com//www/" local="132706088331474883" remote="132539436000000000" Dst="2" />
<file name="logo.jpg" server="ftp.3ncircle.com//www/" local="132706088334454888" remote="132539436000000000" Dst="2" />
<file name="logo.png" server="ftp.3ncircle.com//www/" local="132706088333274849" remote="132539436000000000" Dst="2" />
<file name="logo_admin.jpg" server="ftp.3ncircle.com//www/" local="132706088336164914" remote="132539436000000000" Dst="2" />
<file name="logo1.jpg" server="ftp.3ncircle.com//www/" local="132706088334734898" remote="132539436000000000" Dst="2" />
<file name="logo1.png" server="ftp.3ncircle.com//www/" local="132706088338664843" remote="132539436000000000" Dst="2" />
<file name="open source social network logo license.txt" server="ftp.3ncircle.com//www/" local="132706088344784829" remote="132539436000000000" Dst="2" />
</dwsync>